asin,title,price,rating,review_count
B09VS1NY22,YMDUCH Women's Elegant Sleeveless Off Shoulder Bodycon Long Formal Party Evening Dress,384.0,4.3,0
B0CDGXFPPK,VICHYIE Women Mock Neck Ribbed Bodycon Dress Long Sleeve Mini Pencil Dresses,206.0,4.5,0
B0BRSFKFJ4,PRETTYGARDEN Women's 2025 Summer Satin Dress Elegant Sleeveless Mock Neck Cocktail Party Maxi Dresses,412.0,4.0,0
B0FCM2YNQ1,WIHOLL Two Piece Sets for Women Fall Travel Vacation Outfits Long Sleeve Lounge Sets Side Slit Wide Leg Pants S-3XL,213.0,4.2,0
B0B2QX4HV2,OYOANGLE Women's V Neck Sleeveless Knitted Solid Short Sweater Dress with Pockets,298.0,3.8,0
B07VWG6DLS,WOOSEA Women Sleeveless V Neck Split Evening Cocktail Long Dress,427.0,4.2,0
B06XFTZGV5,Hoopless Petticoat Crinoline Underskirt Slips for Wedding Dress MPT022,206.0,4.6,0
B0C53BB6TH,"Long Black Formal Dresses for Women Gowns Evening Party Cocktail Dress,Split Elegant V Neck Wrap Ruffle Wedding Guest Dresses",418.0,4.4,0
B0FF9VDLJT,REORIA Women's Fall Mesh Sheer Long Sleeve Wedding Guest Dress Sexy Floral Bodycon Maxi Long Dresses,355.0,4.6,0
B0CKPKNGSY,Women Floral Embroidered Maxi Dress Long Puff Sleeve Square Neck Bohemian Flowy Dress with Pockets Summer Fall,,4.0,0
B0F9B7K21B,WIHOLL Lounge Sets for Women 2025 V Neck 2 Piece Outfits Airport Wide Leg Pants Matching Set Sweatsuits,213.0,4.4,0
B0FP2PNM4Y,Women Cable Knit Sweater Dress Crewneck Long Sleeve Pleated Mini Dress Twofer Style Patchwork Dress,391.0,4.1,0
B0CBC69D6Y,Tanming Women's 2 Piece Outfits Long Sleeve Knit Sweater Top Wide Leg Pants Lounge Sets Tracksuits,280.0,4.3,0
B0DHKKJL74,Kaximil Women's Square Neck Ruffle Hem Mini Dress Ruched Waist Long Sleeve Corset Short Party Dresses,298.0,4.2,0
B09C8PCB5H,YIANNA Fajas Colombianas Shapewear for Women Postpartum Tummy Control Body Shaper Butt Lifter Bodysuit,306.0,4.2,0
B0F4N2ZXKD,PRETTYGARDEN Summer Dresses for Women 2025 Elegant Classy A Line Business Casual Work Graduation Cocktail Short Dress,284.0,4.4,0
B0DB83WB5D,Hooever Women's Corduroy Overall Dress Round Neck A Line Skirtall Jumper Mini Dress Pinafore with Pockets,256.0,4.0,0
B0D5HKRD9F,Arach&Cloz Women's Wool Blend Tie Waist Pleated Fall Sweater Dress 2025,256.0,4.4,0
B0FH6N9SKG,REORIA Long Sleeve Wedding Guest Maxi Dresses for Women Sheer Mesh Square Neck Ruched Bodycon Long Dress 2025 Fall Outfits,355.0,4.6,0
B0BYSMYCR8,FQA Formal Evening Dresses for Women Elegant Evening Party Prom Dress Long Sexy V Neck Sleeveless Split Wrap,426.0,4.3,0
B08NFK2VKP,Leonisa Stay-in-Place Seamless Shorts for Women - High Waisted Shapewear Tummy Control,391.0,4.4,0
B0C862B6MZ,Simplee Womenâ€™s V Neck Velvet Maxi Dress Short Sleeve Empire Waist Long Formal Dress for Wedding Guest,362.0,4.5,0
B0D8SKX6MC,Women's Velvet Maxi Dress Formal Dresses for Wedding Guest Dress,427.0,4.6,0
B0F297J7G3,Verdusa Women's Floral Mesh Maxi Dresses Long Sleeve Elegant Formal Fall Wedding Guest Dress Cocktail Slimming Dress,327.0,4.1,0
B0FLXTFJWL,CHICGAL 2 Pieces Women Beach Sarong Bathing Suit Wrap Skirt Sheer Bikini Swimsuit Cover Ups for Swimwear,64.0,4.5,0
B0BN9S7JLY,CUPSHE Women's Mini Dresses Casual Spring V Neck Chiffon Long Peasant Sleeves Flowy Summer Dress,320.0,4.0,0
B0D9TBYP12,"Sexy Elegant Lace Beach Cover Up for Women, Bathing Suit Cover Up, V-Neck Swimsuit Coverup for Poolside, Seaside and Party",106.0,4.4,0
B0D2RDJ9Z4,YOXUA Women's Summer Sleeveless Boat Neck Mini Dress Slim Fit Party Club Teacher Casual Office Dresses,156.0,4.1,0
B0FFHC9BF1,Tankaneo Womens Skirt 2 Piece Sweater Set Long Sleeve Crewneck Sweaters Pleated Mini Skirt Knit Lounge Sets,327.0,4.4,0
B0DLW1ZTXV,CHARTOU Women PU Faux Leather Sleeveless Elegant Flowy Long Dress Party Night Out Dress with Belt,276.0,4.5,0
B0C9TSC4WC,Sampeel Womens Square Neck Long Sleeve Fall Dresses Casual Babydoll Sweater Dress,177.0,4.4,0
B07STN7KDT,Chang Yun Women's Long Maxi Sweater Dresses Sexy Wrap Batwing V Neck Slit Open Back Holiday Bodycon Dress with Belt,391.0,4.4,0
B0DHJFP5GR,BORIFLORS Women's Sexy Ruched Bodycon Midi Dresses Elegant Mesh Long Sleeve Square Neck Ruffle Hem Cocktail Party Dress,277.0,4.3,0
B09JRW3FQR,YMDUCH Women's Sexy Elegant Long Sleeve Off Shoulder Bodycon Long Evening Formal Dress,398.0,4.2,0
B0BL2WWRXF,LILLUSORY Women's 2 Piece Lounge Sets Oversized Slouchy Matching Cozy Knit Sets,327.0,4.1,0
B09YTWFM64,PRETTYGARDEN Women's Summer One Shoulder Long Formal Dresses Sleeveless Ruched Bodycon Wedding Guest Slit Maxi Dress,476.0,4.1,0
B0DT5J62YM,PRETTYGARDEN Womens Formal Short Dresses 2025 Summer Sleeveless Boat Neck A Line Elegant Mini Cocktail Party Dress,327.0,4.1,0
B0B5GYHXDN,Ezbelle Women's Off The Shoulder 3/4 Sleeve Batwing HIPS-Wrap Pencil Party Sexy Bodycon Midi Dress Loose,334.0,4.4,0
B08CHL25X9,WOOSEA Women's Split Bodycon Mermaid Evening Cocktail Long Dress,427.0,4.4,0
B099K5J8FT,EXLURA Women's 2025 Mock Neck Ribbed Long Sleeve Bodycon Pullover Cute Mini Sweater Dress,355.0,4.3,0
B0F7LNZH2D,Simplee Women's Floral Boho Long Sleeve Maxi Dress V Neck Empire Waist Swing Flowy Wedding Guest Dress,355.0,4.5,0
B0D59Z5YZX,NENONA Women's 2025 Fall Sweater Dress Winter Long Sleeve Fashion Button Elegant Work Formal Cocktail Party Mini Dresses,355.0,4.4,0
B0DZ5GJMSJ,Women Kaftan Dresses Plus Size V-Neck Batwing Sleeves Beach Cover Up 2025 Summer Floral Print Caftan Dress,142.0,4.4,0
B0CBKFVR9P,FAIABLE Mini Deep V Sexy Long Sleeve Dress for Women A-line High Waisted Casual Flowy Dress for Cocktail Wedding Guest,355.0,4.2,0
B07HFS68XZ,WOOSEA Women's High Neck Split Bodycon Mermaid Evening Cocktail Long Dress,426.0,4.4,0
B0DMZC6ZB7,Women's 2025 Cocktail Formal Guest Dresse 3D Lace Sweetheart Neckline A Line Maxi Dresses,540.0,4.2,0
B0FBGR7Z6K,LILLUSORY Cardigan Sweaters for Women Lightweight Open Front Cardigans Casual Loose 2025 Fall Sweater with Pockets,170.0,4.4,0
B0CP3XT3R5,Verdusa Women's Fall Formal Wedding Guest Dress Halter Flowy Sleeveless Asymmetrical Boho Maxi Dress,327.0,4.2,0
